L-BFGS_0	8.790796e-03	6.531674e-05	9.405280e-05	1.318594e-03
L-BFGS_100	3.927285e-04	4.944430e-07	1.017306e-06	3.331112e-04
L-BFGS_200	1.439057e-04	3.863111e-07	1.135730e-06	9.391725e-05
L-BFGS_0	2.523945e-03	1.100173e-05	1.172925e-05	1.306479e-03
L-BFGS_100	4.952578e-04	7.942314e-07	5.334441e-07	4.105002e-04
L-BFGS_200	1.464916e-04	3.557421e-07	1.185877e-06	9.905861e-05
L-BFGS_0	2.667567e-03	1.203184e-05	1.499567e-05	1.314426e-03
L-BFGS_100	4.123954e-04	4.695177e-07	1.015190e-06	3.552917e-04
L-BFGS_200	1.407720e-04	3.721179e-07	1.002836e-06	9.353189e-05
L-BFGS_0	2.506872e-03	1.133564e-05	9.915901e-06	1.274148e-03
L-BFGS_100	4.091373e-04	4.021311e-07	1.163581e-06	3.572884e-04
L-BFGS_200	1.329755e-04	2.711851e-07	1.148650e-06	9.437053e-05
L-BFGS_0	2.495926e-03	1.116167e-05	1.012273e-05	1.278531e-03
L-BFGS_100	4.069802e-04	4.516041e-07	1.206145e-06	3.497583e-04
L-BFGS_200	1.315157e-04	3.077177e-07	1.042833e-06	9.031560e-05
L-BFGS_0	2.534291e-03	1.137766e-05	1.064384e-05	1.290086e-03
L-BFGS_100	3.680099e-04	5.711258e-07	1.057317e-06	3.003241e-04
L-BFGS_200	1.400341e-04	3.475655e-07	1.115167e-06	9.412583e-05
L-BFGS_0	2.470262e-03	1.101772e-05	9.528868e-06	1.273201e-03
L-BFGS_100	4.103660e-04	4.912037e-07	9.865196e-07	3.513804e-04
L-BFGS_200	1.461273e-04	3.065665e-07	1.399144e-06	1.014792e-04
L-BFGS_300	4.461357e-05	8.565001e-08	1.208497e-07	3.484007e-05
L-BFGS_400	2.132795e-05	4.579536e-08	1.181749e-07	1.556666e-05
L-BFGS_500	1.131025e-05	3.197602e-08	1.698585e-07	6.414066e-06
L-BFGS_0	2.456609e-03	1.103923e-05	8.968367e-06	1.263002e-03
L-BFGS_100	3.718400e-04	5.299588e-07	1.503882e-06	3.038053e-04
L-BFGS_200	1.264136e-04	3.286414e-07	9.195676e-07	8.435376e-05
L-BFGS_300	4.446729e-05	5.997252e-08	2.548165e-07	3.592187e-05
L-BFGS_400	1.541596e-05	3.687478e-08	1.140691e-07	1.058780e-05
L-BFGS_0	2.616987e-03	1.291221e-05	8.865622e-06	1.237109e-03
L-BFGS_100	3.964272e-04	4.481611e-07	1.079430e-06	3.408168e-04
L-BFGS_200	1.341438e-04	3.297416e-07	1.081557e-06	9.035411e-05
L-BFGS_300	3.609081e-05	5.800283e-08	1.986325e-07	2.830421e-05
L-BFGS_400	1.495393e-05	4.127489e-08	1.166519e-07	9.659918e-06
L-BFGS_500	9.484815e-06	2.826287e-08	1.531183e-07	5.127346e-06
L-BFGS_0	2.510328e-03	1.104766e-05	1.105544e-05	1.295007e-03
L-BFGS_100	4.376072e-04	7.655656e-07	8.267213e-07	3.527834e-04
L-BFGS_200	1.354457e-04	3.931800e-07	1.248077e-06	8.364697e-05
L-BFGS_300	3.897876e-05	4.822540e-08	1.780881e-07	3.237534e-05
L-BFGS_400	1.332754e-05	3.388014e-08	1.370431e-07	8.569092e-06
L-BFGS_0	2.550029e-03	1.193443e-05	1.123697e-05	1.244215e-03
L-BFGS_100	4.418230e-04	7.028765e-07	1.560759e-06	3.559278e-04
L-BFGS_200	1.378963e-04	2.288045e-07	1.013644e-06	1.048794e-04
L-BFGS_300	5.483611e-05	7.688318e-08	1.815033e-07	4.533276e-05
L-BFGS_400	2.065510e-05	4.384897e-08	2.403489e-07	1.386671e-05
L-BFGS_0	1.054427e-02	8.672330e-05	1.001876e-04	1.740132e-04
L-BFGS_100	2.273017e-04	2.322193e-07	2.113640e-06	3.658867e-05
L-BFGS_200	9.095136e-05	1.457713e-07	6.693407e-07	1.393616e-05
L-BFGS_300	4.502344e-05	1.154792e-07	8.163826e-07	5.062340e-06
L-BFGS_400	3.028808e-05	8.607122e-08	6.140180e-07	3.108156e-06
L-BFGS_500	2.094209e-05	4.257488e-08	5.321187e-07	2.272683e-06
L-BFGS_600	1.707868e-05	3.393638e-08	5.725205e-07	1.591968e-06
L-BFGS_0	1.496729e-03	5.941829e-06	8.162400e-06	1.641843e-04
L-BFGS_100	2.904527e-04	3.017256e-07	6.850030e-06	3.835597e-05
L-BFGS_200	1.833953e-04	2.656569e-07	4.497069e-06	2.237177e-05
L-BFGS_300	9.524119e-05	1.298932e-07	5.301728e-06	5.846918e-06
L-BFGS_400	7.788154e-05	7.084654e-08	4.686377e-06	4.786622e-06
L-BFGS_0	1.059142e-02	1.067447e-05	6.876421e-04	5.295111e-04
L-BFGS_100	9.240909e-03	2.796823e-06	6.899128e-04	4.124199e-04
L-BFGS_200	9.038415e-03	2.628183e-06	6.799706e-04	3.951781e-04
L-BFGS_300	8.976173e-03	2.479931e-06	6.700382e-04	4.055595e-04
L-BFGS_0	1.022537e-01	9.218061e-04	8.825151e-04	1.247908e-03
L-BFGS_100	4.025015e-04	5.189960e-07	7.663512e-07	3.429384e-04
L-BFGS_200	1.307894e-04	2.807363e-07	1.049579e-06	9.221998e-05
L-BFGS_300	4.464110e-05	5.961449e-08	2.898495e-07	3.578116e-05
L-BFGS_400	1.413239e-05	3.520465e-08	1.445917e-07	9.166011e-06
L-BFGS_0	2.717700e-03	1.250385e-05	1.587619e-05	1.308553e-03
L-BFGS_100	5.082800e-04	8.582572e-07	1.130347e-06	4.111508e-04
L-BFGS_200	1.416026e-04	3.209295e-07	7.548769e-07	1.019609e-04
L-BFGS_300	4.661688e-05	7.749251e-08	1.855685e-07	3.701195e-05
L-BFGS_400	2.113936e-05	3.191948e-08	1.040742e-07	1.690667e-05
L-BFGS_0	2.471462e-03	1.093033e-05	9.896708e-06	1.279462e-03
L-BFGS_100	3.998652e-04	4.504525e-07	9.244795e-07	3.455751e-04
L-BFGS_200	1.314546e-04	3.527969e-07	8.307028e-07	8.786785e-05
L-BFGS_300	4.347152e-05	6.716274e-08	2.669561e-07	3.408568e-05
L-BFGS_400	2.309056e-05	3.442928e-08	1.094663e-07	1.855297e-05
L-BFGS_500	1.100606e-05	2.615611e-08	1.440568e-07	6.949884e-06
L-BFGS_0	2.603728e-03	1.204467e-05	1.103850e-05	1.288876e-03
L-BFGS_100	5.283977e-04	9.844633e-07	5.235448e-07	4.247160e-04
L-BFGS_200	1.666963e-04	2.574367e-07	1.192370e-06	1.290290e-04
L-BFGS_300	6.911639e-05	1.029318e-07	2.815601e-07	5.600761e-05
L-BFGS_400	4.106585e-05	5.199726e-08	1.446860e-07	3.441926e-05
L-BFGS_0	3.008705e-03	2.158587e-05	8.644926e-06	1.527336e-04
L-BFGS_100	1.790666e-04	2.333830e-07	1.208987e-06	2.872769e-05
L-BFGS_200	8.473865e-05	1.457318e-07	5.954928e-07	1.284211e-05
L-BFGS_300	3.940089e-05	1.310714e-07	8.690653e-07	3.520619e-06
L-BFGS_0	1.496135e-03	5.918044e-06	8.117297e-06	1.646315e-04
L-BFGS_100	3.080237e-04	3.093728e-07	6.991825e-06	4.143363e-05
L-BFGS_200	1.504263e-04	1.785405e-07	4.320860e-06	1.787273e-05
L-BFGS_300	1.027417e-04	1.429208e-07	5.163095e-06	7.363730e-06
L-BFGS_0	9.883672e-03	9.328168e-06	6.490994e-04	4.919723e-04
L-BFGS_100	8.536921e-03	2.817189e-06	6.425622e-04	3.659159e-04
L-BFGS_200	8.338116e-03	2.405449e-06	6.319696e-04	3.555750e-04
L-BFGS_0	2.587384e-03	1.149957e-05	1.166315e-05	1.320795e-03
L-BFGS_100	4.031466e-04	4.156147e-07	9.805727e-07	3.517794e-04
L-BFGS_200	1.344838e-04	3.658942e-07	8.971301e-07	8.892304e-05
L-BFGS_300	4.575951e-05	7.487091e-08	1.727360e-07	3.654505e-05
L-BFGS_400	2.288610e-05	3.746761e-08	1.724009e-07	1.741533e-05
L-BFGS_500	1.030318e-05	2.556198e-08	1.486869e-07	6.260109e-06
L-BFGS_0	2.441593e-03	1.121009e-05	9.905807e-06	1.221525e-03
L-BFGS_100	4.604620e-04	7.855502e-07	2.816703e-07	3.790903e-04
L-BFGS_200	1.382610e-04	2.730503e-07	1.060214e-06	1.003538e-04
L-BFGS_0	2.596073e-03	1.160536e-05	1.050674e-05	1.330470e-03
L-BFGS_100	3.848837e-04	5.114297e-07	1.067621e-06	3.230645e-04
L-BFGS_200	1.326187e-04	4.105851e-07	1.149061e-06	8.006961e-05
L-BFGS_300	5.088854e-05	9.909490e-08	1.926958e-07	3.905209e-05
L-BFGS_400	2.291369e-05	4.974240e-08	1.349463e-07	1.658999e-05
L-BFGS_500	1.250845e-05	2.993393e-08	1.093268e-07	8.421787e-06
L-BFGS_0	2.471810e-03	1.094581e-05	1.083269e-05	1.268902e-03
L-BFGS_100	3.837035e-04	5.010598e-07	1.148022e-06	3.221173e-04
L-BFGS_200	1.150366e-04	2.215858e-07	8.692097e-07	8.418597e-05
L-BFGS_300	4.691788e-05	8.710311e-08	2.171166e-07	3.603640e-05
L-BFGS_400	1.561763e-05	3.201670e-08	1.657341e-07	1.075862e-05
L-BFGS_0	2.635981e-03	1.245748e-05	1.497498e-05	1.240483e-03
L-BFGS_100	4.025731e-04	4.590994e-07	1.404700e-06	3.426162e-04
L-BFGS_200	1.261185e-04	2.983073e-07	1.124786e-06	8.503994e-05
L-BFGS_300	3.886838e-05	6.057339e-08	1.831658e-07	3.097938e-05
L-BFGS_400	1.603677e-05	3.416967e-08	1.852695e-07	1.076710e-05
L-BFGS_0	1.147636e-02	9.500298e-05	7.510778e-05	1.224984e-03
L-BFGS_100	3.944137e-04	6.962276e-07	1.972096e-06	3.050700e-04
L-BFGS_200	1.264466e-04	3.780464e-07	1.404499e-06	7.459700e-05
L-BFGS_300	4.175534e-05	5.293823e-08	1.709565e-07	3.475195e-05
L-BFGS_400	1.463442e-05	3.384985e-08	1.595665e-07	9.653772e-06
L-BFGS_0	1.198327e-03	4.865225e-06	3.259177e-06	1.358426e-04
L-BFGS_100	1.994845e-04	3.353908e-07	8.546783e-07	3.147973e-05
L-BFGS_200	8.238982e-05	1.484858e-07	6.985897e-07	1.211107e-05
L-BFGS_300	3.274654e-05	1.065413e-07	8.395257e-07	2.739430e-06
L-BFGS_400	2.139291e-05	5.237153e-08	5.702800e-07	2.090591e-06
L-BFGS_500	1.691150e-05	3.068383e-08	5.362280e-07	1.696167e-06
L-BFGS_0	1.471168e-03	6.032245e-06	8.768462e-06	1.560518e-04
L-BFGS_100	3.269772e-04	3.619638e-07	7.610007e-06	4.293616e-05
L-BFGS_200	1.577913e-04	2.161134e-07	4.214870e-06	1.880626e-05
L-BFGS_300	9.810489e-05	1.257271e-07	4.950957e-06	7.204524e-06
L-BFGS_400	8.163966e-05	7.296099e-08	4.979154e-06	4.910405e-06
L-BFGS_500	7.792139e-05	5.944726e-08	4.699964e-06	4.995402e-06
L-BFGS_600	7.500292e-05	5.370790e-08	4.699222e-06	4.527981e-06
L-BFGS_0	9.473478e-03	8.937983e-06	6.322163e-04	4.515035e-04
L-BFGS_100	8.139784e-03	2.489256e-06	6.297852e-04	3.186010e-04
L-BFGS_200	7.993978e-03	2.149887e-06	6.177669e-04	3.202643e-04
L-BFGS_300	7.938371e-03	2.113900e-06	6.128293e-04	3.197376e-04
L-BFGS_0	1.281876e-03	2.988084e-06	7.360838e-06	9.094588e-04
L-BFGS_100	2.752887e-04	5.244775e-07	1.473667e-06	2.081042e-04
L-BFGS_200	1.042474e-04	3.720050e-07	4.982909e-07	6.206401e-05
L-BFGS_300	4.806206e-05	2.194464e-07	1.651232e-07	2.446619e-05
L-BFGS_400	3.194867e-05	1.375775e-07	1.083436e-07	1.710749e-05
L-BFGS_500	2.545028e-05	7.779096e-08	1.602092e-07	1.606910e-05
L-BFGS_600	1.867839e-05	3.764194e-08	3.924078e-08	1.452179e-05
L-BFGS_700	1.614433e-05	2.132276e-08	3.894714e-08	1.362258e-05
L-BFGS_800	1.290054e-05	1.068478e-08	7.252637e-08	1.110680e-05
L-BFGS_900	1.138594e-05	7.654553e-09	1.675070e-08	1.045298e-05
L-BFGS_0	1.306541e-03	3.110112e-06	8.506032e-06	9.104696e-04
L-BFGS_100	2.273985e-04	4.611155e-07	2.525047e-06	1.560365e-04
L-BFGS_200	9.522530e-05	3.548917e-07	2.801898e-07	5.693422e-05
L-BFGS_300	5.111218e-05	1.730100e-07	6.554244e-08	3.315576e-05
L-BFGS_400	3.076559e-05	1.239941e-07	8.832045e-08	1.748298e-05
L-BFGS_500	2.389249e-05	6.636353e-08	9.180442e-08	1.633809e-05
L-BFGS_600	1.769043e-05	3.494792e-08	1.811936e-08	1.401445e-05
L-BFGS_700	1.409930e-05	1.081753e-08	1.828368e-08	1.283471e-05
L-BFGS_0	1.400165e-03	3.161979e-06	1.027143e-05	9.812529e-04
L-BFGS_100	2.797070e-04	7.409486e-07	9.415281e-07	1.961969e-04
L-BFGS_200	8.824874e-05	3.529746e-07	2.187299e-07	5.076399e-05
L-BFGS_300	4.712118e-05	1.882311e-07	1.882577e-07	2.641550e-05
L-BFGS_0	1.483058e-03	3.065181e-06	1.436200e-05	1.032920e-03
L-BFGS_100	2.727253e-04	4.228461e-07	2.808664e-06	2.023540e-04
L-BFGS_200	8.893775e-05	2.884910e-07	9.267998e-07	5.082065e-05
L-BFGS_300	4.507700e-05	1.134335e-07	2.180351e-07	3.155330e-05
L-BFGS_0	5.083158e-03	3.890934e-05	2.689330e-05	1.846580e-04
L-BFGS_100	3.986869e-04	1.059107e-06	7.120389e-06	4.431447e-05
L-BFGS_200	2.487813e-04	5.609667e-07	6.701395e-06	2.513414e-05
L-BFGS_300	1.804957e-04	2.185882e-07	5.967700e-06	1.979198e-05
L-BFGS_400	1.409398e-04	7.477867e-08	3.202212e-06	2.028797e-05
L-BFGS_500	1.115461e-04	2.544352e-08	2.172083e-06	1.745619e-05
L-BFGS_600	9.905889e-05	2.522226e-08	1.676584e-06	1.595416e-05
L-BFGS_700	7.606274e-05	5.310024e-08	1.091631e-06	1.196728e-05
L-BFGS_800	6.840267e-05	3.576490e-08	1.227581e-06	1.051007e-05
L-BFGS_900	5.903899e-05	1.760149e-08	1.157535e-06	9.140696e-06
L-BFGS_0	2.534067e-03	1.980925e-06	4.824175e-05	3.707114e-04
L-BFGS_100	1.414341e-03	1.433533e-06	3.926417e-05	1.756691e-04
L-BFGS_200	1.038332e-03	6.976073e-07	1.865997e-05	1.563943e-04
L-BFGS_300	6.413166e-04	4.946739e-07	7.316258e-06	1.037373e-04
L-BFGS_400	5.171617e-04	2.527397e-07	8.112635e-06	8.215228e-05
L-BFGS_500	4.416881e-04	1.556913e-07	5.877461e-06	7.346886e-05
L-BFGS_600	3.851155e-04	1.797499e-07	3.480746e-06	6.646661e-05
L-BFGS_700	3.069111e-04	8.075956e-08	2.787976e-06	5.419108e-05
L-BFGS_800	2.618221e-04	3.710547e-08	2.191398e-06	4.723951e-05
L-BFGS_900	2.415792e-04	3.649577e-08	2.307603e-06	4.297071e-05
L-BFGS_1000	2.091209e-04	2.267050e-08	1.940727e-06	3.748931e-05
L-BFGS_1100	1.909248e-04	4.058592e-08	1.578371e-06	3.421650e-05
L-BFGS_1200	1.718732e-04	4.491298e-08	9.927381e-07	3.149090e-05
L-BFGS_1300	1.496673e-04	4.857853e-08	7.807319e-07	2.740043e-05
L-BFGS_1400	1.220242e-04	5.859535e-08	5.660872e-07	2.210076e-05
L-BFGS_1500	1.100484e-04	7.582272e-08	7.924523e-07	1.890833e-05
L-BFGS_1600	9.660683e-05	4.751439e-08	8.662644e-07	1.663855e-05
L-BFGS_1700	8.331529e-05	4.865492e-08	4.890948e-07	1.471177e-05
L-BFGS_1800	7.636535e-05	5.027880e-08	3.691410e-07	1.352921e-05
L-BFGS_1900	7.128804e-05	5.082908e-08	3.716211e-07	1.249779e-05
L-BFGS_2000	6.343664e-05	4.974954e-08	2.046045e-07	1.128313e-05
L-BFGS_2100	5.903676e-05	4.398647e-08	1.611940e-07	1.060523e-05
L-BFGS_2200	5.322438e-05	2.586514e-08	1.200463e-07	9.887480e-06
L-BFGS_2300	5.136700e-05	3.509756e-08	5.910980e-08	9.453229e-06
L-BFGS_2400	4.542668e-05	2.861752e-08	8.251488e-08	8.347956e-06
L-BFGS_2500	4.086114e-05	3.462054e-08	1.294391e-07	7.220940e-06
L-BFGS_2600	3.750237e-05	2.318735e-08	9.074314e-08	6.855240e-06
L-BFGS_2700	3.319767e-05	1.563431e-08	1.693437e-07	5.988160e-06
L-BFGS_2800	2.919326e-05	8.967429e-09	1.371504e-07	5.385002e-06
L-BFGS_2900	2.635659e-05	7.903439e-09	1.049972e-07	4.903254e-06
L-BFGS_3000	2.474666e-05	8.312452e-09	9.995196e-08	4.583178e-06
L-BFGS_3100	2.283843e-05	1.178844e-08	1.124163e-07	4.107086e-06
L-BFGS_3200	1.974248e-05	1.376556e-08	1.072329e-07	3.458719e-06
L-BFGS_3300	1.770609e-05	1.303654e-08	7.608939e-08	3.128309e-06
L-BFGS_3400	1.642748e-05	1.139826e-08	8.901350e-08	2.879503e-06
L-BFGS_3500	1.536046e-05	1.002210e-08	6.519388e-08	2.741262e-06
L-BFGS_3600	1.455524e-05	8.981976e-09	5.229570e-08	2.626816e-06
L-BFGS_0	5.086789e-02	1.174740e-05	1.125216e-03	7.688198e-03
L-BFGS_100	2.668693e-02	9.682132e-06	2.718708e-04	4.600002e-03
L-BFGS_200	8.877194e-03	9.231760e-06	6.946403e-05	1.451876e-03
L-BFGS_300	3.727267e-03	2.579718e-06	1.605480e-05	6.617494e-04
L-BFGS_400	1.357877e-03	1.498941e-06	1.058855e-05	2.204195e-04
L-BFGS_500	6.165514e-04	6.851320e-07	3.203092e-06	1.032015e-04
L-BFGS_600	4.053199e-04	2.703094e-07	8.927981e-07	7.387220e-05
L-BFGS_700	3.468476e-04	1.873450e-07	1.477167e-06	6.266828e-05
L-BFGS_800	2.773037e-04	1.373136e-07	1.185350e-06	5.034376e-05
L-BFGS_900	2.237109e-04	1.320414e-07	1.546923e-06	3.900751e-05
L-BFGS_1000	1.854647e-04	1.154350e-07	1.036839e-06	3.271057e-05
L-BFGS_1100	1.430568e-04	6.930139e-08	4.651129e-07	2.629511e-05
L-BFGS_1200	1.216366e-04	4.677455e-08	5.553758e-07	2.228108e-05
L-BFGS_1300	1.101044e-04	5.584815e-08	4.996570e-07	1.990461e-05
L-BFGS_1400	9.491295e-05	5.623385e-08	3.216733e-07	1.721456e-05
L-BFGS_1500	7.969795e-05	5.479734e-08	2.490458e-07	1.434555e-05
L-BFGS_1600	7.077552e-05	5.419890e-08	1.328774e-07	1.280537e-05
L-BFGS_1700	6.106505e-05	6.287164e-08	1.461397e-07	1.066330e-05
L-BFGS_1800	5.281149e-05	5.994205e-08	1.918514e-07	8.979755e-06
L-BFGS_1900	4.620436e-05	4.169512e-08	1.030995e-07	8.200771e-06
L-BFGS_2000	4.241726e-05	3.943429e-08	1.016513e-07	7.491465e-06
L-BFGS_2100	3.889985e-05	2.352045e-08	1.225065e-07	7.064547e-06
L-BFGS_2200	3.421973e-05	2.542339e-08	1.516089e-07	6.032260e-06
L-BFGS_2300	3.071938e-05	2.848233e-08	1.243982e-07	5.325433e-06
L-BFGS_2400	2.845280e-05	2.635762e-08	1.679760e-07	4.827455e-06
L-BFGS_2500	2.635881e-05	3.046663e-08	1.430795e-07	4.376270e-06
